{"assets/images/backgroundUnlogged.jpg":["assets/images/backgroundUnlogged.jpg"],"assets/images/drawer.jpg":["assets/images/drawer.jpg"],"assets/images/kpii.png":["assets/images/kpii.png"],"assets/images/login_bottom.png":["assets/images/login_bottom.png"],"assets/images/logo.png":["assets/images/logo.png"],"assets/images/main_bottom.png":["assets/images/main_bottom.png"],"assets/images/main_top.png":["assets/images/main_top.png"],"assets/images/signup_top.png":["assets/images/signup_top.png"],"assets/images/tracking.png":["assets/images/tracking.png"],"assets/images/user.png":["assets/images/user.png"],"assets/images/you.png":["assets/images/you.png"],"packages/cupertino_icons/assets/CupertinoIcons.ttf":["packages/cupertino_icons/assets/CupertinoIcons.ttf"],"packages/fluttertoast/assets/toastify.css":["packages/fluttertoast/assets/toastify.css"],"packages/fluttertoast/assets/toastify.js":["packages/fluttertoast/assets/toastify.js"]}